class,package
Block,net/minecraft/block
Block$SoundType,net/minecraft/block
Block$1,net/minecraft/block
Block$2,net/minecraft/block
Block$3,net/minecraft/block
BlockAir,net/minecraft/block
BlockAnvil,net/minecraft/block
BlockBasePressurePlate,net/minecraft/block
BlockBeacon,net/minecraft/block
BlockBed,net/minecraft/block
BlockBookshelf,net/minecraft/block
BlockBreakable,net/minecraft/block
BlockBrewingStand,net/minecraft/block
BlockBush,net/minecraft/block
BlockButton,net/minecraft/block
BlockButtonStone,net/minecraft/block
BlockButtonWood,net/minecraft/block
BlockCactus,net/minecraft/block
BlockCake,net/minecraft/block
BlockCarpet,net/minecraft/block
BlockCarrot,net/minecraft/block
BlockCauldron,net/minecraft/block
BlockChest,net/minecraft/block
BlockClay,net/minecraft/block
BlockCocoa,net/minecraft/block
BlockColored,net/minecraft/block
BlockCommandBlock,net/minecraft/block
BlockCompressed,net/minecraft/block
BlockCompressedPowered,net/minecraft/block
BlockComparator,net/minecraft/block
BlockContainer,net/minecraft/block
BlockCrops,net/minecraft/block
BlockDaylightDetector,net/minecraft/block
BlockDeadBush,net/minecraft/block
BlockDirectional,net/minecraft/block
BlockDirt,net/minecraft/block
BlockDispenser,net/minecraft/block
BlockDoor,net/minecraft/block
BlockDoublePlant,net/minecraft/block
BlockDragonEgg,net/minecraft/block
BlockDropper,net/minecraft/block
BlockDynamicLiquid,net/minecraft/block
BlockEnchantmentTable,net/minecraft/block
BlockEnderChest,net/minecraft/block
BlockEndPortal,net/minecraft/block
BlockEndPortalFrame,net/minecraft/block
BlockEventData,net/minecraft/block
BlockFalling,net/minecraft/block
BlockFarmland,net/minecraft/block
BlockFence,net/minecraft/block
BlockFenceGate,net/minecraft/block
BlockFire,net/minecraft/block
BlockFlower,net/minecraft/block
BlockFlowerPot,net/minecraft/block
BlockFurnace,net/minecraft/block
BlockGlass,net/minecraft/block
BlockGlowstone,net/minecraft/block
BlockGrass,net/minecraft/block
BlockGravel,net/minecraft/block
BlockHardenedClay,net/minecraft/block
BlockHay,net/minecraft/block
BlockHopper,net/minecraft/block
BlockHugeMushroom,net/minecraft/block
BlockIce,net/minecraft/block
BlockJukebox,net/minecraft/block
BlockJukebox$TileEntityJukebox,net/minecraft/block
BlockLadder,net/minecraft/block
BlockLeaves,net/minecraft/block
BlockLeavesBase,net/minecraft/block
BlockLever,net/minecraft/block
BlockLilyPad,net/minecraft/block
BlockLiquid,net/minecraft/block
BlockLog,net/minecraft/block
BlockMelon,net/minecraft/block
BlockMobSpawner,net/minecraft/block
BlockMushroom,net/minecraft/block
BlockMycelium,net/minecraft/block
BlockNetherrack,net/minecraft/block
BlockNetherWart,net/minecraft/block
BlockNewLeaf,net/minecraft/block
BlockNewLog,net/minecraft/block
BlockNote,net/minecraft/block
BlockObsidian,net/minecraft/block
BlockOldLeaf,net/minecraft/block
BlockOldLog,net/minecraft/block
BlockOre,net/minecraft/block
BlockPackedIce,net/minecraft/block
BlockPane,net/minecraft/block
BlockPistonBase,net/minecraft/block
BlockPistonExtension,net/minecraft/block
BlockPistonMoving,net/minecraft/block
BlockPortal,net/minecraft/block
BlockPotato,net/minecraft/block
BlockPressurePlate,net/minecraft/block
BlockPressurePlateWeighted,net/minecraft/block
BlockPressurePlate$Sensitivity,net/minecraft/block
BlockPumpkin,net/minecraft/block
BlockQuartz,net/minecraft/block
BlockRail,net/minecraft/block
BlockRailBase,net/minecraft/block
BlockRailBase$Rail,net/minecraft/block
BlockRailDetector,net/minecraft/block
BlockRailPowered,net/minecraft/block
BlockRedstoneComparator,net/minecraft/block
BlockRedstoneDiode,net/minecraft/block
BlockRedstoneLight,net/minecraft/block
BlockRedstoneLogic,net/minecraft/block
BlockRedstoneOre,net/minecraft/block
BlockRedstoneRepeater,net/minecraft/block
BlockRedstoneTorch,net/minecraft/block
BlockRedstoneTorch$Toggle,net/minecraft/block
BlockRedstoneWire,net/minecraft/block
BlockReed,net/minecraft/block
BlockRotatedPillar,net/minecraft/block
BlockSand,net/minecraft/block
BlockSandStone,net/minecraft/block
BlockSapling,net/minecraft/block
BlockSign,net/minecraft/block
BlockSilverfish,net/minecraft/block
BlockSkull,net/minecraft/block
BlockSlab,net/minecraft/block
BlockSnow,net/minecraft/block
BlockSnowBlock,net/minecraft/block
BlockSoulSand,net/minecraft/block
BlockSourceImpl,net/minecraft/block
BlockSponge,net/minecraft/block
BlockStainedGlass,net/minecraft/block
BlockStainedGlassPane,net/minecraft/block
BlockStairs,net/minecraft/block
BlockStaticLiquid,net/minecraft/block
BlockStem,net/minecraft/block
BlockStone,net/minecraft/block
BlockStoneBrick,net/minecraft/block
BlockStoneSlab,net/minecraft/block
BlockTallGrass,net/minecraft/block
BlockTNT,net/minecraft/block
BlockTorch,net/minecraft/block
BlockTrapDoor,net/minecraft/block
BlockTripWire,net/minecraft/block
BlockTripWireHook,net/minecraft/block
BlockVine,net/minecraft/block
BlockWall,net/minecraft/block
BlockWeb,net/minecraft/block
BlockWood,net/minecraft/block
BlockWoodSlab,net/minecraft/block
BlockWorkbench,net/minecraft/block
IGrowable,net/minecraft/block
ITileEntityProvider,net/minecraft/block
MapColor,net/minecraft/block/material
Material,net/minecraft/block/material
Material$1,net/minecraft/block/material
MaterialLiquid,net/minecraft/block/material
MaterialLogic,net/minecraft/block/material
MaterialPortal,net/minecraft/block/material
MaterialTransparent,net/minecraft/block/material
AnvilConverterException,net/minecraft/client
CallableClientMemoryStats,net/minecraft/client
CallableClientProfiler,net/minecraft/client
CallableGLInfo,net/minecraft/client
CallableLWJGLVersion,net/minecraft/client
CallableLaunchedVersion,net/minecraft/client
CallableModded,net/minecraft/client
CallableParticleScreenName,net/minecraft/client
CallableTexturePack,net/minecraft/client
CallableType2,net/minecraft/client
CallableUpdatingScreenName,net/minecraft/client
Minecraft,net/minecraft/client
MinecraftINNER13,net/minecraft/client
StatStringFormatKeyInv,net/minecraft/client
ThreadClientSleep,net/minecraft/client
ScheduledSound,net/minecraft/client/audio
SoundManager,net/minecraft/client/audio
SoundManagerINNER1,net/minecraft/client/audio
SoundPool,net/minecraft/client/audio
SoundPoolEntry,net/minecraft/client/audio
SoundPoolProtocolHandler,net/minecraft/client/audio
SoundPoolURLConnection,net/minecraft/client/audio
AbstractClientPlayer,net/minecraft/client/entity
EntityClientPlayerMP,net/minecraft/client/entity
EntityOtherPlayerMP,net/minecraft/client/entity
EntityPlayerSP,net/minecraft/client/entity
ChatClickData,net/minecraft/client/gui
ChatLine,net/minecraft/client/gui
FontRenderer,net/minecraft/client/gui
Gui,net/minecraft/client/gui
GuiButton,net/minecraft/client/gui
GuiButtonLanguage,net/minecraft/client/gui
GuiButtonLink,net/minecraft/client/gui
GuiButtonMerchant,net/minecraft/client/gui
GuiButtonNextPage,net/minecraft/client/gui
GuiChat,net/minecraft/client/gui
GuiCommandBlock,net/minecraft/client/gui
GuiConfirmOpenLink,net/minecraft/client/gui
GuiControls,net/minecraft/client/gui
GuiCreateFlatWorld,net/minecraft/client/gui
GuiCreateFlatWorldListSlot,net/minecraft/client/gui
GuiCreateWorld,net/minecraft/client/gui
GuiDisconnected,net/minecraft/client/gui
GuiDownloadTerrain,net/minecraft/client/gui
GuiEnchantment,net/minecraft/client/gui
GuiErrorScreen,net/minecraft/client/gui
GuiFlatPresets,net/minecraft/client/gui
GuiFlatPresetsItem,net/minecraft/client/gui
GuiFlatPresetsListSlot,net/minecraft/client/gui
GuiGameOver,net/minecraft/client/gui
GuiHopper,net/minecraft/client/gui
GuiIngame,net/minecraft/client/gui
GuiIngameMenu,net/minecraft/client/gui
GuiLanguage,net/minecraft/client/gui
GuiMainMenu,net/minecraft/client/gui
GuiMemoryErrorScreen,net/minecraft/client/gui
GuiMerchant,net/minecraft/client/gui
GuiMultiplayer,net/minecraft/client/gui
GuiNewChat,net/minecraft/client/gui
GuiOptions,net/minecraft/client/gui
GuiPlayerInfo,net/minecraft/client/gui
GuiRenameWorld,net/minecraft/client/gui
GuiRepair,net/minecraft/client/gui
GuiScreen,net/minecraft/client/gui
GuiScreenAddServer,net/minecraft/client/gui
GuiScreenBook,net/minecraft/client/gui
GuiScreenConfigureWorld,net/minecraft/client/gui
GuiScreenConfirmation,net/minecraft/client/gui
GuiScreenDemo,net/minecraft/client/gui
GuiScreenDisconnectedOnline,net/minecraft/client/gui
GuiScreenEditOnlineWorld,net/minecraft/client/gui
GuiScreenInvite,net/minecraft/client/gui
GuiScreenLongRunningTask,net/minecraft/client/gui
GuiScreenOnlineServers,net/minecraft/client/gui
GuiScreenOnlineServersSubscreen,net/minecraft/client/gui
GuiScreenSelectLocation,net/minecraft/client/gui
GuiScreenServerList,net/minecraft/client/gui
GuiScreenSubscription,net/minecraft/client/gui
GuiSelectWorld,net/minecraft/client/gui
GuiShareToLan,net/minecraft/client/gui
GuiSleepMP,net/minecraft/client/gui
GuiSlider,net/minecraft/client/gui
GuiSlot,net/minecraft/client/gui
GuiSlotLanguage,net/minecraft/client/gui
GuiSlotOnlineServerList,net/minecraft/client/gui
GuiSlotServer,net/minecraft/client/gui
GuiSmallButton,net/minecraft/client/gui
GuiSnooper,net/minecraft/client/gui
GuiSnooperList,net/minecraft/client/gui
GuiTextField,net/minecraft/client/gui
GuiVideoSettings,net/minecraft/client/gui
GuiWinGame,net/minecraft/client/gui
GuiWorldSlot,net/minecraft/client/gui
GuiYesNo,net/minecraft/client/gui
LoadingScreenRenderer,net/minecraft/client/gui
MapItemRenderer,net/minecraft/client/gui
RunnableTitleScreen,net/minecraft/client/gui
ScaledResolution,net/minecraft/client/gui
ScreenChatOptions,net/minecraft/client/gui
SelectionListBase,net/minecraft/client/gui
SelectionListInvited,net/minecraft/client/gui
TaskLongRunning,net/minecraft/client/gui
TaskOnlineConnect,net/minecraft/client/gui
ThreadConnectToOnlineServer,net/minecraft/client/gui
ThreadOnlineConnect,net/minecraft/client/gui
ThreadOnlineScreen,net/minecraft/client/gui
ThreadPollServers,net/minecraft/client/gui
GuiAchievement,net/minecraft/client/gui/achievement
GuiAchievements,net/minecraft/client/gui/achievement
GuiSlotStats,net/minecraft/client/gui/achievement
GuiSlotStatsBlock,net/minecraft/client/gui/achievement
GuiSlotStatsGeneral,net/minecraft/client/gui/achievement
GuiSlotStatsItem,net/minecraft/client/gui/achievement
GuiStats,net/minecraft/client/gui/achievement
SorterStatsBlock,net/minecraft/client/gui/achievement
SorterStatsItem,net/minecraft/client/gui/achievement
ContainerCreative,net/minecraft/client/gui/inventory
CreativeCrafting,net/minecraft/client/gui/inventory
GuiBeacon,net/minecraft/client/gui/inventory
GuiBeaconButton,net/minecraft/client/gui/inventory
GuiBeaconButtonCancel,net/minecraft/client/gui/inventory
GuiBeaconButtonConfirm,net/minecraft/client/gui/inventory
GuiBeaconButtonPower,net/minecraft/client/gui/inventory
GuiBrewingStand,net/minecraft/client/gui/inventory
GuiChest,net/minecraft/client/gui/inventory
GuiContainer,net/minecraft/client/gui/inventory
GuiContainerCreative,net/minecraft/client/gui/inventory
GuiCrafting,net/minecraft/client/gui/inventory
GuiDispenser,net/minecraft/client/gui/inventory
GuiEditSign,net/minecraft/client/gui/inventory
GuiFurnace,net/minecraft/client/gui/inventory
GuiInventory,net/minecraft/client/gui/inventory
GuiScreenHorseInventory,net/minecraft/client/gui/inventory
SlotCreativeInventory,net/minecraft/client/gui/inventory
GuiScreenBackup,net/minecraft/client/gui/mco
GuiScreenBackupDownloadThread,net/minecraft/client/gui/mco
GuiScreenBackupRestoreTask,net/minecraft/client/gui/mco
GuiScreenBackupSelectionList,net/minecraft/client/gui/mco
GuiScreenCreateOnlineWorld,net/minecraft/client/gui/mco
GuiScreenMcoWorldTemplate,net/minecraft/client/gui/mco
GuiScreenMcoWorldTemplateDownloadThread,net/minecraft/client/gui/mco
GuiScreenMcoWorldTemplateSelectionList,net/minecraft/client/gui/mco
GuiScreenPendingInvitation,net/minecraft/client/gui/mco
GuiScreenPendingInvitationINNER1,net/minecraft/client/gui/mco
GuiScreenPendingInvitationINNER2,net/minecraft/client/gui/mco
GuiScreenPendingInvitationINNER3,net/minecraft/client/gui/mco
GuiScreenPendingInvitationList,net/minecraft/client/gui/mco
GuiScreenResetWorld,net/minecraft/client/gui/mco
ScreenWithCallback,net/minecraft/client/gui/mco
TaskResetWorld,net/minecraft/client/gui/mco
TaskWorldCreation,net/minecraft/client/gui/mco
MainProxyAuthenticator,net/minecraft/client/main
MainShutdownHook,net/minecraft/client/main
Backup,net/minecraft/client/mco
BackupList,net/minecraft/client/mco
ExceptionMcoHttp,net/minecraft/client/mco
ExceptionMcoService,net/minecraft/client/mco
ExceptionRetryCall,net/minecraft/client/mco
GuiScreenClientOutdated,net/minecraft/client/mco
GuiScreenConfirmationType,net/minecraft/client/mco
McoClient,net/minecraft/client/mco
McoServer,net/minecraft/client/mco
McoServerAddress,net/minecraft/client/mco
McoServerList,net/minecraft/client/mco
McoServerListEmptyAnon,net/minecraft/client/mco
McoServerListUpdateTask,net/minecraft/client/mco
McoServerListUpdateTaskComparator,net/minecraft/client/mco
PendingInvite,net/minecraft/client/mco
PendingInvitesList,net/minecraft/client/mco
Request,net/minecraft/client/mco
RequestDelete,net/minecraft/client/mco
RequestGet,net/minecraft/client/mco
RequestPost,net/minecraft/client/mco
RequestPut,net/minecraft/client/mco
ValueObjectList,net/minecraft/client/mco
ValueObjectSubscription,net/minecraft/client/mco
WorldTemplate,net/minecraft/client/mco
WorldTemplateList,net/minecraft/client/mco
ModelBase,net/minecraft/client/model
ModelBat,net/minecraft/client/model
ModelBiped,net/minecraft/client/model
ModelBlaze,net/minecraft/client/model
ModelBoat,net/minecraft/client/model
ModelBook,net/minecraft/client/model
ModelBox,net/minecraft/client/model
ModelChest,net/minecraft/client/model
ModelChicken,net/minecraft/client/model
ModelCow,net/minecraft/client/model
ModelCreeper,net/minecraft/client/model
ModelDragon,net/minecraft/client/model
ModelEnderCrystal,net/minecraft/client/model
ModelEnderman,net/minecraft/client/model
ModelGhast,net/minecraft/client/model
ModelHorse,net/minecraft/client/model
ModelIronGolem,net/minecraft/client/model
ModelLargeChest,net/minecraft/client/model
ModelLeashKnot,net/minecraft/client/model
ModelMagmaCube,net/minecraft/client/model
ModelMinecart,net/minecraft/client/model
ModelOcelot,net/minecraft/client/model
ModelPig,net/minecraft/client/model
ModelQuadruped,net/minecraft/client/model
ModelRenderer,net/minecraft/client/model
ModelSheep1,net/minecraft/client/model
ModelSheep2,net/minecraft/client/model
ModelSign,net/minecraft/client/model
ModelSilverfish,net/minecraft/client/model
ModelSkeleton,net/minecraft/client/model
ModelSkeletonHead,net/minecraft/client/model
ModelSlime,net/minecraft/client/model
ModelSnowMan,net/minecraft/client/model
ModelSpider,net/minecraft/client/model
ModelSquid,net/minecraft/client/model
ModelVillager,net/minecraft/client/model
ModelWitch,net/minecraft/client/model
ModelWither,net/minecraft/client/model
ModelWolf,net/minecraft/client/model
ModelZombie,net/minecraft/client/model
ModelZombieVillager,net/minecraft/client/model
PositionTextureVertex,net/minecraft/client/model
TextureOffset,net/minecraft/client/model
TexturedQuad,net/minecraft/client/model
CallableMPL1,net/minecraft/client/multiplayer
CallableMPL2,net/minecraft/client/multiplayer
ChunkProviderClient,net/minecraft/client/multiplayer
GuiConnecting,net/minecraft/client/multiplayer
LanServer,net/minecraft/client/multiplayer
LanServerList,net/minecraft/client/multiplayer
NetClientHandler,net/minecraft/client/multiplayer
PlayerControllerMP,net/minecraft/client/multiplayer
ServerAddress,net/minecraft/client/multiplayer
ServerData,net/minecraft/client/multiplayer
ServerList,net/minecraft/client/multiplayer
ThreadConnectToServer,net/minecraft/client/multiplayer
ThreadLanServerFind,net/minecraft/client/multiplayer
ThreadLanServerPing,net/minecraft/client/multiplayer
WorldClient,net/minecraft/client/multiplayer
WorldClientINNER3,net/minecraft/client/multiplayer
WorldClientINNER4,net/minecraft/client/multiplayer
EffectRenderer,net/minecraft/client/particle
EntityAuraFX,net/minecraft/client/particle
EntityBreakingFX,net/minecraft/client/particle
EntityBubbleFX,net/minecraft/client/particle
EntityCloudFX,net/minecraft/client/particle
EntityCrit2FX,net/minecraft/client/particle
EntityCritFX,net/minecraft/client/particle
EntityDiggingFX,net/minecraft/client/particle
EntityDropParticleFX,net/minecraft/client/particle
EntityEnchantmentTableParticleFX,net/minecraft/client/particle
EntityExplodeFX,net/minecraft/client/particle
EntityFX,net/minecraft/client/particle
EntityFireworkOverlayFX,net/minecraft/client/particle
EntityFireworkSparkFX,net/minecraft/client/particle
EntityFireworkStarterFX,net/minecraft/client/particle
EntityFlameFX,net/minecraft/client/particle
EntityFootStepFX,net/minecraft/client/particle
EntityHeartFX,net/minecraft/client/particle
EntityHugeExplodeFX,net/minecraft/client/particle
EntityLargeExplodeFX,net/minecraft/client/particle
EntityLavaFX,net/minecraft/client/particle
EntityNoteFX,net/minecraft/client/particle
EntityPickupFX,net/minecraft/client/particle
EntityPortalFX,net/minecraft/client/particle
EntityRainFX,net/minecraft/client/particle
EntityReddustFX,net/minecraft/client/particle
EntitySmokeFX,net/minecraft/client/particle
EntitySnowShovelFX,net/minecraft/client/particle
EntitySpellParticleFX,net/minecraft/client/particle
EntitySplashFX,net/minecraft/client/particle
EntitySuspendFX,net/minecraft/client/particle
ActiveRenderInfo,net/minecraft/client/renderer
CallableMouseLocation,net/minecraft/client/renderer
CallableParticlePositionInfo,net/minecraft/client/renderer
CallableScreenName,net/minecraft/client/renderer
CallableScreenSize,net/minecraft/client/renderer
ChestItemRenderHelper,net/minecraft/client/renderer
DestroyBlockProgress,net/minecraft/client/renderer
EntityRenderer,net/minecraft/client/renderer
EntitySorter,net/minecraft/client/renderer
GLAllocation,net/minecraft/client/renderer
IImageBuffer,net/minecraft/client/renderer
IconFlipped,net/minecraft/client/renderer
ImageBufferDownload,net/minecraft/client/renderer
InventoryEffectRenderer,net/minecraft/client/renderer
ItemRenderer,net/minecraft/client/renderer
OpenGlCapsChecker,net/minecraft/client/renderer
OpenGlHelper,net/minecraft/client/renderer
RenderBlocks,net/minecraft/client/renderer
RenderGlobal,net/minecraft/client/renderer
RenderHelper,net/minecraft/client/renderer
RenderList,net/minecraft/client/renderer
RenderSorter,net/minecraft/client/renderer
StitcherException,net/minecraft/client/renderer
Tessellator,net/minecraft/client/renderer
ThreadDownloadImageData,net/minecraft/client/renderer
ThreadDownloadImageDataINNER1,net/minecraft/client/renderer
WorldRenderer,net/minecraft/client/renderer
ClippingHelper,net/minecraft/client/renderer/culling
ClippingHelperImpl,net/minecraft/client/renderer/culling
Frustrum,net/minecraft/client/renderer/culling
ICamera,net/minecraft/client/renderer/culling
Render,net/minecraft/client/renderer/entity
RenderArrow,net/minecraft/client/renderer/entity
RenderBat,net/minecraft/client/renderer/entity
RenderBiped,net/minecraft/client/renderer/entity
RenderBlaze,net/minecraft/client/renderer/entity
RenderBoat,net/minecraft/client/renderer/entity
RenderCaveSpider,net/minecraft/client/renderer/entity
RenderChicken,net/minecraft/client/renderer/entity
RenderCow,net/minecraft/client/renderer/entity
RenderCreeper,net/minecraft/client/renderer/entity
RenderDragon,net/minecraft/client/renderer/entity
RenderEnchantmentTable,net/minecraft/client/renderer/entity
RenderEnderman,net/minecraft/client/renderer/entity
RenderEntity,net/minecraft/client/renderer/entity
RenderFallingSand,net/minecraft/client/renderer/entity
RenderFireball,net/minecraft/client/renderer/entity
RenderFish,net/minecraft/client/renderer/entity
RenderGhast,net/minecraft/client/renderer/entity
RenderGiantZombie,net/minecraft/client/renderer/entity
RenderHorse,net/minecraft/client/renderer/entity
RenderIronGolem,net/minecraft/client/renderer/entity
RenderItem,net/minecraft/client/renderer/entity
RenderLeashKnot,net/minecraft/client/renderer/entity
RenderLightningBolt,net/minecraft/client/renderer/entity
RenderLiving,net/minecraft/client/renderer/entity
RenderMagmaCube,net/minecraft/client/renderer/entity
RenderManager,net/minecraft/client/renderer/entity
RenderMinecart,net/minecraft/client/renderer/entity
RenderMinecartMobSpawner,net/minecraft/client/renderer/entity
RenderMooshroom,net/minecraft/client/renderer/entity
RenderOcelot,net/minecraft/client/renderer/entity
RenderPainting,net/minecraft/client/renderer/entity
RenderPig,net/minecraft/client/renderer/entity
RenderPlayer,net/minecraft/client/renderer/entity
RenderSheep,net/minecraft/client/renderer/entity
RenderSilverfish,net/minecraft/client/renderer/entity
RenderSkeleton,net/minecraft/client/renderer/entity
RenderSlime,net/minecraft/client/renderer/entity
RenderSnowMan,net/minecraft/client/renderer/entity
RenderSnowball,net/minecraft/client/renderer/entity
RenderSpider,net/minecraft/client/renderer/entity
RenderSquid,net/minecraft/client/renderer/entity
RenderTNTPrimed,net/minecraft/client/renderer/entity
RenderTntMinecart,net/minecraft/client/renderer/entity
RenderVillager,net/minecraft/client/renderer/entity
RenderWitch,net/minecraft/client/renderer/entity
RenderWither,net/minecraft/client/renderer/entity
RenderWolf,net/minecraft/client/renderer/entity
RenderXPOrb,net/minecraft/client/renderer/entity
RenderZombie,net/minecraft/client/renderer/entity
RendererLivingEntity,net/minecraft/client/renderer/entity
AbstractTexture,net/minecraft/client/renderer/texture
DynamicTexture,net/minecraft/client/renderer/texture
IconRegister,net/minecraft/client/renderer/texture
LayeredTexture,net/minecraft/client/renderer/texture
SimpleTexture,net/minecraft/client/renderer/texture
StitchHolder,net/minecraft/client/renderer/texture
StitchSlot,net/minecraft/client/renderer/texture
Stitcher,net/minecraft/client/renderer/texture
TextureAtlasSprite,net/minecraft/client/renderer/texture
TextureClock,net/minecraft/client/renderer/texture
TextureCompass,net/minecraft/client/renderer/texture
TextureManager,net/minecraft/client/renderer/texture
TextureManagerINNER1,net/minecraft/client/renderer/texture
TextureMap,net/minecraft/client/renderer/texture
TextureObject,net/minecraft/client/renderer/texture
TextureUtil,net/minecraft/client/renderer/texture
Tickable,net/minecraft/client/renderer/texture
TickableTextureObject,net/minecraft/client/renderer/texture
RenderEndPortal,net/minecraft/client/renderer/tileentity
RenderEnderCrystal,net/minecraft/client/renderer/tileentity
RenderItemFrame,net/minecraft/client/renderer/tileentity
RenderWitherSkull,net/minecraft/client/renderer/tileentity
TileEntityBeaconRenderer,net/minecraft/client/renderer/tileentity
TileEntityChestRenderer,net/minecraft/client/renderer/tileentity
TileEntityEnderChestRenderer,net/minecraft/client/renderer/tileentity
TileEntityMobSpawnerRenderer,net/minecraft/client/renderer/tileentity
TileEntityRenderer,net/minecraft/client/renderer/tileentity
TileEntityRendererPiston,net/minecraft/client/renderer/tileentity
TileEntitySignRenderer,net/minecraft/client/renderer/tileentity
TileEntitySkullRenderer,net/minecraft/client/renderer/tileentity
TileEntitySpecialRenderer,net/minecraft/client/renderer/tileentity
AbstractResourcePack,net/minecraft/client/resources
DefaultResourcePack,net/minecraft/client/resources
FallbackResourceManager,net/minecraft/client/resources
FileResourcePack,net/minecraft/client/resources
FolderResourcePack,net/minecraft/client/resources
FoliageColorReloadListener,net/minecraft/client/resources
GrassColorReloadListener,net/minecraft/client/resources
GuiScreenTemporaryResourcePackSelect,net/minecraft/client/resources
GuiScreenTemporaryResourcePackSelectSelectionList,net/minecraft/client/resources
I18n,net/minecraft/client/resources
Language,net/minecraft/client/resources
LanguageManager,net/minecraft/client/resources
Locale,net/minecraft/client/resources
ReloadableResourceManager,net/minecraft/client/resources
Resource,net/minecraft/client/resources
ResourceManager,net/minecraft/client/resources
ResourceManagerReloadListener,net/minecraft/client/resources
ResourcePack,net/minecraft/client/resources
ResourcePackFileNotFoundException,net/minecraft/client/resources
ResourcePackRepository,net/minecraft/client/resources
ResourcePackRepositoryEntry,net/minecraft/client/resources
ResourcePackRepositoryFilter,net/minecraft/client/resources
SimpleReloadableResourceManager,net/minecraft/client/resources
SimpleReloadableResourceManagerINNER1,net/minecraft/client/resources
SimpleResource,net/minecraft/client/resources
AnimationFrame,net/minecraft/client/resources/data
AnimationMetadataSection,net/minecraft/client/resources/data
AnimationMetadataSectionSerializer,net/minecraft/client/resources/data
BaseMetadataSectionSerializer,net/minecraft/client/resources/data
FontMetadataSection,net/minecraft/client/resources/data
FontMetadataSectionSerializer,net/minecraft/client/resources/data
LanguageMetadataSection,net/minecraft/client/resources/data
LanguageMetadataSectionSerializer,net/minecraft/client/resources/data
MetadataSection,net/minecraft/client/resources/data
MetadataSectionSerializer,net/minecraft/client/resources/data
MetadataSerializer,net/minecraft/client/resources/data
MetadataSerializerEmptyAnon,net/minecraft/client/resources/data
MetadataSerializerRegistration,net/minecraft/client/resources/data
PackMetadataSection,net/minecraft/client/resources/data
PackMetadataSectionSerializer,net/minecraft/client/resources/data
TextureMetadataSection,net/minecraft/client/resources/data
TextureMetadataSectionSerializer,net/minecraft/client/resources/data
EnumOptions,net/minecraft/client/settings
EnumOptionsHelper,net/minecraft/client/settings
GameSettings,net/minecraft/client/settings
KeyBinding,net/minecraft/client/settings
StatPlaceholder,net/minecraft/client/stats
CommandBase,net/minecraft/command
CommandClearInventory,net/minecraft/command
CommandDebug,net/minecraft/command
CommandDefaultGameMode,net/minecraft/command
CommandDifficulty,net/minecraft/command
CommandEffect,net/minecraft/command
CommandEnchant,net/minecraft/command
CommandException,net/minecraft/command
CommandGameMode,net/minecraft/command
CommandGameRule,net/minecraft/command
CommandGive,net/minecraft/command
CommandHandler,net/minecraft/command
CommandHelp,net/minecraft/command
CommandKill,net/minecraft/command
CommandNotFoundException,net/minecraft/command
CommandPlaySound,net/minecraft/command
CommandServerKick,net/minecraft/command
CommandSetPlayerTimeout,net/minecraft/command
CommandSetSpawnpoint,net/minecraft/command
CommandShowSeed,net/minecraft/command
CommandSpreadPlayers,net/minecraft/command
CommandTime,net/minecraft/command
CommandToggleDownfall,net/minecraft/command
CommandWeather,net/minecraft/command
CommandXP,net/minecraft/command
IAdminCommand,net/minecraft/command
ICommand,net/minecraft/command
ICommandManager,net/minecraft/command
ICommandSender,net/minecraft/command
IEntitySelector,net/minecraft/command
IEntitySelector$1,net/minecraft/command
IEntitySelector$2,net/minecraft/command
IEntitySelector$ArmoredMob,net/minecraft/command
NumberInvalidException,net/minecraft/command
PlayerNotFoundException,net/minecraft/command
PlayerSelector,net/minecraft/command
ServerCommand,net/minecraft/command
ServerCommandManager,net/minecraft/command
SyntaxErrorException,net/minecraft/command
WrongUsageException,net/minecraft/command
CommandBanPlayer,net/minecraft/command/server
CommandBanIp,net/minecraft/command/server
CommandDeop,net/minecraft/command/server
CommandEmote,net/minecraft/command/server
CommandListBans,net/minecraft/command/server
CommandListPlayers,net/minecraft/command/server
CommandMessage,net/minecraft/command/server
CommandOp,net/minecraft/command/server
CommandPardonIp,net/minecraft/command/server
CommandPardonPlayer,net/minecraft/command/server
CommandPublishLocalServer,net/minecraft/command/server
CommandSaveAll,net/minecraft/command/server
CommandSaveOff,net/minecraft/command/server
CommandSaveOn,net/minecraft/command/server
CommandScoreboard,net/minecraft/command/server
CommandSetBlock,net/minecraft/command/server
CommandSetDefaultSpawnpoint,net/minecraft/command/server
CommandStop,net/minecraft/command/server
CommandSummon,net/minecraft/command/server
CommandTeleport,net/minecraft/command/server
CommandTestFor,net/minecraft/command/server
CommandTestForBlock,net/minecraft/command/server
CommandWhitelist,net/minecraft/command/server
CrashReport,net/minecraft/crash
CrashReport$1,net/minecraft/crash
CrashReport$2,net/minecraft/crash
CrashReport$3,net/minecraft/crash
CrashReport$4,net/minecraft/crash
CrashReport$5,net/minecraft/crash
CrashReport$6,net/minecraft/crash
CrashReport$7,net/minecraft/crash
CrashReport$8,net/minecraft/crash
CrashReportCategory,net/minecraft/crash
CrashReportCategory$1,net/minecraft/crash
CrashReportCategory$2,net/minecraft/crash
CrashReportCategory$3,net/minecraft/crash
CreativeTabs,net/minecraft/creativetab
CreativeTabs$1,net/minecraft/creativetab
CreativeTabs$2,net/minecraft/creativetab
CreativeTabs$3,net/minecraft/creativetab
CreativeTabs$4,net/minecraft/creativetab
CreativeTabs$5,net/minecraft/creativetab
CreativeTabs$6,net/minecraft/creativetab
CreativeTabs$7,net/minecraft/creativetab
CreativeTabs$8,net/minecraft/creativetab
CreativeTabs$9,net/minecraft/creativetab
CreativeTabs$10,net/minecraft/creativetab
CreativeTabs$11,net/minecraft/creativetab
CreativeTabs$12,net/minecraft/creativetab
BehaviorDefaultDispenseItem,net/minecraft/dispenser
BehaviorProjectileDispense,net/minecraft/dispenser
IBehaviorDispenseItem,net/minecraft/dispenser
IBehaviorDispenseItem$1,net/minecraft/dispenser
IBlockSource,net/minecraft/dispenser
ILocatableSource,net/minecraft/dispenser
ILocation,net/minecraft/dispenser
IPosition,net/minecraft/dispenser
IRegistry,net/minecraft/dispenser
PositionImpl,net/minecraft/dispenser
RegistryDefaulted,net/minecraft/dispenser
RegistrySimple,net/minecraft/dispenser
Empty3,net/minecraft/enchantment
Enchantment,net/minecraft/enchantment
EnchantmentArrowDamage,net/minecraft/enchantment
EnchantmentArrowFire,net/minecraft/enchantment
EnchantmentArrowInfinite,net/minecraft/enchantment
EnchantmentArrowKnockback,net/minecraft/enchantment
EnchantmentDamage,net/minecraft/enchantment
EnchantmentData,net/minecraft/enchantment
EnchantmentDigging,net/minecraft/enchantment
EnchantmentDurability,net/minecraft/enchantment
EnchantmentFireAspect,net/minecraft/enchantment
EnchantmentHelper,net/minecraft/enchantment
EnchantmentHelper$DamageIterator,net/minecraft/enchantment
EnchantmentHelper$HurtIterator,net/minecraft/enchantment
EnchantmentHelper$IModifier,net/minecraft/enchantment
EnchantmentHelper$ModifierDamage,net/minecraft/enchantment
EnchantmentHelper$ModifierLiving,net/minecraft/enchantment
EnchantmentHelper$1,net/minecraft/enchantment
EnchantmentKnockback,net/minecraft/enchantment
EnchantmentLootBonus,net/minecraft/enchantment
EnchantmentOxygen,net/minecraft/enchantment
EnchantmentProtection,net/minecraft/enchantment
EnchantmentThorns,net/minecraft/enchantment
EnchantmentUntouching,net/minecraft/enchantment
EnchantmentWaterWorker,net/minecraft/enchantment
EnumEnchantmentType,net/minecraft/enchantment
DataWatcher,net/minecraft/entity
DataWatcher$WatchableObject,net/minecraft/entity
Entity,net/minecraft/entity
Entity$EnumEntitySize,net/minecraft/entity
Entity$SwitchEnumEntitySize,net/minecraft/entity
Entity$1,net/minecraft/entity
Entity$2,net/minecraft/entity
EntityAgeable,net/minecraft/entity
EntityBodyHelper,net/minecraft/entity
EntityCreature,net/minecraft/entity
EntityFlying,net/minecraft/entity
EntityHanging,net/minecraft/entity
EntityLeashKnot,net/minecraft/entity
EntityList,net/minecraft/entity
EntityList$EntityEggInfo,net/minecraft/entity
EntityLiving,net/minecraft/entity
EntityLivingBase,net/minecraft/entity
EntityMinecartCommandBlock,net/minecraft/entity
EntityTracker,net/minecraft/entity
EntityTracker$1,net/minecraft/entity
EntityTrackerEntry,net/minecraft/entity
EnumCreatureAttribute,net/minecraft/entity
EnumCreatureType,net/minecraft/entity
IEntityLivingData,net/minecraft/entity
IEntityMultiPart,net/minecraft/entity
IEntityOwnable,net/minecraft/entity
IMerchant,net/minecraft/entity
INpc,net/minecraft/entity
IProjectile,net/minecraft/entity
IRangedAttackMob,net/minecraft/entity
NpcMerchant,net/minecraft/entity
SharedMonsterAttributes,net/minecraft/entity
EntityAIArrowAttack,net/minecraft/entity/ai
EntityAIAttackOnCollide,net/minecraft/entity/ai
EntityAIAvoidEntity,net/minecraft/entity/ai
EntityAIAvoidEntity$1,net/minecraft/entity/ai
EntityAIBase,net/minecraft/entity/ai
EntityAIBeg,net/minecraft/entity/ai
EntityAIBreakDoor,net/minecraft/entity/ai
EntityAIControlledByPlayer,net/minecraft/entity/ai
EntityAICreeperSwell,net/minecraft/entity/ai
EntityAIDefendVillage,net/minecraft/entity/ai
EntityAIDoorInteract,net/minecraft/entity/ai
EntityAIEatGrass,net/minecraft/entity/ai
EntityAIFleeSun,net/minecraft/entity/ai
EntityAIFollowGolem,net/minecraft/entity/ai
EntityAIFollowOwner,net/minecraft/entity/ai
EntityAIFollowParent,net/minecraft/entity/ai
EntityAIHurtByTarget,net/minecraft/entity/ai
EntityAILeapAtTarget,net/minecraft/entity/ai
EntityAILookAtTradePlayer,net/minecraft/entity/ai
EntityAILookAtVillager,net/minecraft/entity/ai
EntityAILookIdle,net/minecraft/entity/ai
EntityAIMate,net/minecraft/entity/ai
EntityAIMoveIndoors,net/minecraft/entity/ai
EntityAIMoveThroughVillage,net/minecraft/entity/ai
EntityAIMoveTowardsRestriction,net/minecraft/entity/ai
EntityAIMoveTowardsTarget,net/minecraft/entity/ai
EntityAINearestAttackableTarget,net/minecraft/entity/ai
EntityAINearestAttackableTarget$Sorter,net/minecraft/entity/ai
EntityAINearestAttackableTarget$1,net/minecraft/entity/ai
EntityAIOcelotAttack,net/minecraft/entity/ai
EntityAIOcelotSit,net/minecraft/entity/ai
EntityAIOpenDoor,net/minecraft/entity/ai
EntityAIOwnerHurtByTarget,net/minecraft/entity/ai
EntityAIOwnerHurtTarget,net/minecraft/entity/ai
EntityAIPanic,net/minecraft/entity/ai
EntityAIPlay,net/minecraft/entity/ai
EntityAIRestrictOpenDoor,net/minecraft/entity/ai
EntityAIRestrictSun,net/minecraft/entity/ai
EntityAIRunAroundLikeCrazy,net/minecraft/entity/ai
EntityAISit,net/minecraft/entity/ai
EntityAISwimming,net/minecraft/entity/ai
EntityAITarget,net/minecraft/entity/ai
EntityAITargetNonTamed,net/minecraft/entity/ai
EntityAITasks,net/minecraft/entity/ai
EntityAITasks$EntityAITaskEntry,net/minecraft/entity/ai
EntityAITempt,net/minecraft/entity/ai
EntityAITradePlayer,net/minecraft/entity/ai
EntityAIVillagerMate,net/minecraft/entity/ai
EntityAIWander,net/minecraft/entity/ai
EntityAIWatchClosest,net/minecraft/entity/ai
EntityAIWatchClosest2,net/minecraft/entity/ai
EntityJumpHelper,net/minecraft/entity/ai
EntityLookHelper,net/minecraft/entity/ai
EntityMinecartMobSpawner,net/minecraft/entity/ai
EntityMinecartMobSpawner$1,net/minecraft/entity/ai
EntityMoveHelper,net/minecraft/entity/ai
EntitySenses,net/minecraft/entity/ai
RandomPositionGenerator,net/minecraft/entity/ai
AttributeModifier,net/minecraft/entity/ai/attributes
BaseAttribute,net/minecraft/entity/ai/attributes
BaseAttributeMap,net/minecraft/entity/ai/attributes
IAttribute,net/minecraft/entity/ai/attributes
IAttributeInstance,net/minecraft/entity/ai/attributes
ModifiableAttributeInstance,net/minecraft/entity/ai/attributes
RangedAttribute,net/minecraft/entity/ai/attributes
ServersideAttributeMap,net/minecraft/entity/ai/attributes
BossStatus,net/minecraft/entity/boss
EntityDragon,net/minecraft/entity/boss
EntityDragonPart,net/minecraft/entity/boss
EntityWither,net/minecraft/entity/boss
EntityWither$1,net/minecraft/entity/boss
IBossDisplayData,net/minecraft/entity/boss
EntityLightningBolt,net/minecraft/entity/effect
EntityWeatherEffect,net/minecraft/entity/effect
EntityBoat,net/minecraft/entity/item
EntityEnderCrystal,net/minecraft/entity/item
EntityEnderEye,net/minecraft/entity/item
EntityEnderPearl,net/minecraft/entity/item
EntityExpBottle,net/minecraft/entity/item
EntityFallingBlock,net/minecraft/entity/item
EntityFireworkRocket,net/minecraft/entity/item
EntityItem,net/minecraft/entity/item
EntityItemFrame,net/minecraft/entity/item
EntityMinecart,net/minecraft/entity/item
EntityMinecartChest,net/minecraft/entity/item
EntityMinecartContainer,net/minecraft/entity/item
EntityMinecartEmpty,net/minecraft/entity/item
EntityMinecartFurnace,net/minecraft/entity/item
EntityMinecartHopper,net/minecraft/entity/item
EntityMinecartTNT,net/minecraft/entity/item
EntityPainting,net/minecraft/entity/item
EntityPainting$EnumArt,net/minecraft/entity/item
EntityTNTPrimed,net/minecraft/entity/item
EntityXPOrb,net/minecraft/entity/item
EntityBlaze,net/minecraft/entity/monster
EntityCaveSpider,net/minecraft/entity/monster
EntityCreeper,net/minecraft/entity/monster
EntityEnderman,net/minecraft/entity/monster
EntityGhast,net/minecraft/entity/monster
EntityGiantZombie,net/minecraft/entity/monster
EntityGolem,net/minecraft/entity/monster
EntityIronGolem,net/minecraft/entity/monster
EntityMagmaCube,net/minecraft/entity/monster
EntityMob,net/minecraft/entity/monster
EntityPigZombie,net/minecraft/entity/monster
EntitySilverfish,net/minecraft/entity/monster
EntitySkeleton,net/minecraft/entity/monster
EntitySlime,net/minecraft/entity/monster
EntitySnowman,net/minecraft/entity/monster
EntitySpider,net/minecraft/entity/monster
EntitySpider$GroupData,net/minecraft/entity/monster
EntityWitch,net/minecraft/entity/monster
EntityZombie,net/minecraft/entity/monster
EntityZombie$GroupData,net/minecraft/entity/monster
IMob,net/minecraft/entity/monster
IMob$1,net/minecraft/entity/monster
EntityAmbientCreature,net/minecraft/entity/passive
EntityAnimal,net/minecraft/entity/passive
EntityBat,net/minecraft/entity/passive
EntityChicken,net/minecraft/entity/passive
EntityCow,net/minecraft/entity/passive
EntityHorse,net/minecraft/entity/passive
EntityHorse$GroupData,net/minecraft/entity/passive
EntityHorse$1,net/minecraft/entity/passive
EntityMooshroom,net/minecraft/entity/passive
EntityOcelot,net/minecraft/entity/passive
EntityPig,net/minecraft/entity/passive
EntitySheep,net/minecraft/entity/passive
EntitySheep$1,net/minecraft/entity/passive
EntitySquid,net/minecraft/entity/passive
EntityTameable,net/minecraft/entity/passive
EntityVillager,net/minecraft/entity/passive
EntityWaterMob,net/minecraft/entity/passive
EntityWolf,net/minecraft/entity/passive
IAnimals,net/minecraft/entity/passive
EntityPlayer,net/minecraft/entity/player
EntityPlayer$EnumStatus,net/minecraft/entity/player
EntityPlayerMP,net/minecraft/entity/player
InventoryPlayer,net/minecraft/entity/player
InventoryPlayer$1,net/minecraft/entity/player
PlayerCapabilities,net/minecraft/entity/player
EntityArrow,net/minecraft/entity/projectile
EntityEgg,net/minecraft/entity/projectile
EntityFireball,net/minecraft/entity/projectile
EntityFishHook,net/minecraft/entity/projectile
EntityLargeFireball,net/minecraft/entity/projectile
EntityPotion,net/minecraft/entity/projectile
EntitySmallFireball,net/minecraft/entity/projectile
EntitySnowball,net/minecraft/entity/projectile
EntityThrowable,net/minecraft/entity/projectile
EntityWitherSkull,net/minecraft/entity/projectile
ClickEvent,net/minecraft/event
HoverEvent,net/minecraft/event
Blocks,net/minecraft/init
Bootstrap,net/minecraft/init
Bootstrap$1,net/minecraft/init
Bootstrap$2,net/minecraft/init
Bootstrap$3,net/minecraft/init
Bootstrap$4,net/minecraft/init
Bootstrap$5,net/minecraft/init
Bootstrap$6,net/minecraft/init
Bootstrap$7,net/minecraft/init
Bootstrap$8,net/minecraft/init
Bootstrap$9,net/minecraft/init
Bootstrap$10,net/minecraft/init
Bootstrap$11,net/minecraft/init
Bootstrap$12,net/minecraft/init
Bootstrap$13,net/minecraft/init
Bootstrap$14,net/minecraft/init
Items,net/minecraft/init
AnimalChest,net/minecraft/inventory
Container,net/minecraft/inventory
ContainerBeacon,net/minecraft/inventory
ContainerBeacon$BeaconSlot,net/minecraft/inventory
ContainerBrewingStand,net/minecraft/inventory
ContainerBrewingStand$Ingredient,net/minecraft/inventory
ContainerBrewingStand$Potion,net/minecraft/inventory
ContainerChest,net/minecraft/inventory
ContainerDispenser,net/minecraft/inventory
ContainerEnchantment,net/minecraft/inventory
ContainerEnchantment$1,net/minecraft/inventory
ContainerEnchantment$2,net/minecraft/inventory
ContainerFurnace,net/minecraft/inventory
ContainerHopper,net/minecraft/inventory
ContainerHorseInventory,net/minecraft/inventory
ContainerHorseInventory$1,net/minecraft/inventory
ContainerHorseInventory$2,net/minecraft/inventory
ContainerMerchant,net/minecraft/inventory
ContainerPlayer,net/minecraft/inventory
ContainerPlayer$1,net/minecraft/inventory
ContainerRepair,net/minecraft/inventory
ContainerRepair$1,net/minecraft/inventory
ContainerRepair$2,net/minecraft/inventory
ContainerWorkbench,net/minecraft/inventory
ICrafting,net/minecraft/inventory
IInvBasic,net/minecraft/inventory
IInventory,net/minecraft/inventory
InventoryBasic,net/minecraft/inventory
InventoryCrafting,net/minecraft/inventory
InventoryCraftResult,net/minecraft/inventory
InventoryEnderChest,net/minecraft/inventory
InventoryLargeChest,net/minecraft/inventory
InventoryMerchant,net/minecraft/inventory
ISidedInventory,net/minecraft/inventory
Slot,net/minecraft/inventory
SlotCrafting,net/minecraft/inventory
SlotFurnace,net/minecraft/inventory
SlotMerchantResult,net/minecraft/inventory
EnumAction,net/minecraft/item
EnumRarity,net/minecraft/item
Item,net/minecraft/item
Item$ToolMaterial,net/minecraft/item
ItemAnvilBlock,net/minecraft/item
ItemAppleGold,net/minecraft/item
ItemArmor,net/minecraft/item
ItemArmor$ArmorMaterial,net/minecraft/item
ItemArmor$1,net/minecraft/item
ItemAxe,net/minecraft/item
ItemBed,net/minecraft/item
ItemBlock,net/minecraft/item
ItemBlockWithMetadata,net/minecraft/item
ItemBoat,net/minecraft/item
ItemBook,net/minecraft/item
ItemBow,net/minecraft/item
ItemBucket,net/minecraft/item
ItemBucketMilk,net/minecraft/item
ItemCarrotOnAStick,net/minecraft/item
ItemCloth,net/minecraft/item
ItemCoal,net/minecraft/item
ItemColored,net/minecraft/item
ItemDoor,net/minecraft/item
ItemDoublePlant,net/minecraft/item
ItemDye,net/minecraft/item
ItemEditableBook,net/minecraft/item
ItemEgg,net/minecraft/item
ItemEmptyMap,net/minecraft/item
ItemEnchantedBook,net/minecraft/item
ItemEnderEye,net/minecraft/item
ItemEnderPearl,net/minecraft/item
ItemExpBottle,net/minecraft/item
ItemFireball,net/minecraft/item
ItemFirework,net/minecraft/item
ItemFireworkCharge,net/minecraft/item
ItemFishFood,net/minecraft/item
ItemFishingRod,net/minecraft/item
ItemFlintAndSteel,net/minecraft/item
ItemFood,net/minecraft/item
ItemGlassBottle,net/minecraft/item
ItemHangingEntity,net/minecraft/item
ItemHoe,net/minecraft/item
ItemLead,net/minecraft/item
ItemLeaves,net/minecraft/item
ItemLilyPad,net/minecraft/item
ItemMap,net/minecraft/item
ItemMapBase,net/minecraft/item
ItemMinecart,net/minecraft/item
ItemMinecart$1,net/minecraft/item
ItemMonsterPlacer,net/minecraft/item
ItemMultiTexture,net/minecraft/item
ItemNameTag,net/minecraft/item
ItemPickaxe,net/minecraft/item
ItemPiston,net/minecraft/item
ItemPotion,net/minecraft/item
ItemRecord,net/minecraft/item
ItemRedstone,net/minecraft/item
ItemReed,net/minecraft/item
ItemSaddle,net/minecraft/item
ItemSeedFood,net/minecraft/item
ItemSeeds,net/minecraft/item
ItemShears,net/minecraft/item
ItemSign,net/minecraft/item
ItemSimpleFoiled,net/minecraft/item
ItemSkull,net/minecraft/item
ItemSlab,net/minecraft/item
ItemSnow,net/minecraft/item
ItemSnowball,net/minecraft/item
ItemSoup,net/minecraft/item
ItemSpade,net/minecraft/item
ItemStack,net/minecraft/item
ItemSword,net/minecraft/item
ItemTool,net/minecraft/item
ItemWritableBook,net/minecraft/item
CraftingManager,net/minecraft/item/crafting
CraftingManager$1,net/minecraft/item/crafting
FurnaceRecipes,net/minecraft/item/crafting
IRecipe,net/minecraft/item/crafting
RecipeBookCloning,net/minecraft/item/crafting
RecipeFireworks,net/minecraft/item/crafting
RecipeSorter,net/minecraft/item/crafting
RecipesArmor,net/minecraft/item/crafting
RecipesArmorDyes,net/minecraft/item/crafting
RecipesCrafting,net/minecraft/item/crafting
RecipesDyes,net/minecraft/item/crafting
RecipesFood,net/minecraft/item/crafting
RecipesIngots,net/minecraft/item/crafting
RecipesMapCloning,net/minecraft/item/crafting
RecipesMapExtending,net/minecraft/item/crafting
RecipesTools,net/minecraft/item/crafting
RecipesWeapons,net/minecraft/item/crafting
ShapedRecipes,net/minecraft/item/crafting
ShapelessRecipes,net/minecraft/item/crafting
CompressedStreamTools,net/minecraft/nbt
JsonToNBT,net/minecraft/nbt
NBTBase,net/minecraft/nbt
NBTException,net/minecraft/nbt
NBTTagByte,net/minecraft/nbt
NBTTagByteArray,net/minecraft/nbt
NBTTagCompound,net/minecraft/nbt
NBTTagCompound$1,net/minecraft/nbt
NBTTagCompound$2,net/minecraft/nbt
NBTTagDouble,net/minecraft/nbt
NBTTagEnd,net/minecraft/nbt
NBTTagFloat,net/minecraft/nbt
NBTTagInt,net/minecraft/nbt
NBTTagIntArray,net/minecraft/nbt
NBTTagList,net/minecraft/nbt
NBTTagLong,net/minecraft/nbt
NBTTagShort,net/minecraft/nbt
NBTTagString,net/minecraft/nbt
EnumConnectionState,net/minecraft/network
INetHandler,net/minecraft/network
NetHandlerPlayServer,net/minecraft/network
NetHandlerPlayServer$1,net/minecraft/network
NetHandlerPlayServer$2,net/minecraft/network
NettyEncryptingDecoder,net/minecraft/network
NettyEncryptingEncoder,net/minecraft/network
NettyEncryptionTranslator,net/minecraft/network
NetworkManager,net/minecraft/network
NetworkSystem,net/minecraft/network
Packet,net/minecraft/network
PacketBuffer,net/minecraft/network
PingResponseHandler,net/minecraft/network
ServerStatusResponse,net/minecraft/network
INetHandlerHandshakeServer,net/minecraft/network/handshake
C00Handshake,net/minecraft/network/handshake/client
INetHandlerLoginClient,net/minecraft/network/login
INetHandlerLoginServer,net/minecraft/network/login
C00PacketLoginStart,net/minecraft/network/login/client
C01PacketEncryptionResponse,net/minecraft/network/login/client
S00PacketDisconnect,net/minecraft/network/login/server
S01PacketEncryptionRequest,net/minecraft/network/login/server
S02PacketLoginSuccess,net/minecraft/network/login/server
INetHandlerPlayClient,net/minecraft/network/play
INetHandlerPlayServer,net/minecraft/network/play
C00PacketKeepAlive,net/minecraft/network/play/client
C01PacketChatMessage,net/minecraft/network/play/client
C02PacketUseEntity,net/minecraft/network/play/client
C03PacketPlayer,net/minecraft/network/play/client
C07PacketPlayerDigging,net/minecraft/network/play/client
C08PacketPlayerBlockPlacement,net/minecraft/network/play/client
C09PacketHeldItemChange,net/minecraft/network/play/client
C0APacketAnimation,net/minecraft/network/play/client
C0BPacketEntityAction,net/minecraft/network/play/client
C0CPacketInput,net/minecraft/network/play/client
C0DPacketCloseWindow,net/minecraft/network/play/client
C0EPacketClickWindow,net/minecraft/network/play/client
C0FPacketConfirmTransaction,net/minecraft/network/play/client
C10PacketCreativeInventoryAction,net/minecraft/network/play/client
C11PacketEnchantItem,net/minecraft/network/play/client
C12PacketUpdateSign,net/minecraft/network/play/client
C13PacketPlayerAbilities,net/minecraft/network/play/client
C14PacketTabComplete,net/minecraft/network/play/client
C15PacketClientSettings,net/minecraft/network/play/client
C16PacketClientStatus,net/minecraft/network/play/client
C17PacketCustomPayload,net/minecraft/network/play/client
S00PacketKeepAlive,net/minecraft/network/play/server
S01PacketPacketJoinGame,net/minecraft/network/play/server
S02PacketChat,net/minecraft/network/play/server
S03PacketTimeUpdate,net/minecraft/network/play/server
S04PacketEntityEquipment,net/minecraft/network/play/server
S05PacketSpawnPosition,net/minecraft/network/play/server
S06PacketUpdateHealth,net/minecraft/network/play/server
S07PacketRespawn,net/minecraft/network/play/server
S08PacketPlayerPosLook,net/minecraft/network/play/server
S09PacketHeldItemChange,net/minecraft/network/play/server
S0APacketUseBed,net/minecraft/network/play/server
S0BPacketAnimation,net/minecraft/network/play/server
S0CPacketSpawnPlayer,net/minecraft/network/play/server
S0DPacketCollectItem,net/minecraft/network/play/server
S0EPacketSpawnObject,net/minecraft/network/play/server
S0FPacketSpawnMob,net/minecraft/network/play/server
S10PacketSpawnPainting,net/minecraft/network/play/server
S11PacketSpawnExperienceOrb,net/minecraft/network/play/server
S12PacketEntityVelocity,net/minecraft/network/play/server
S13PacketDestroyEntities,net/minecraft/network/play/server
S14PacketEntity,net/minecraft/network/play/server
S18PacketEntityTeleport,net/minecraft/network/play/server
S19PacketEntityHeadLook,net/minecraft/network/play/server
S19PacketEntityStatus,net/minecraft/network/play/server
S1BPacketEntityAttach,net/minecraft/network/play/server
S1CPacketEntityMetadata,net/minecraft/network/play/server
S1DPacketEntityEffect,net/minecraft/network/play/server
S1EPacketRemoveEntityEffect,net/minecraft/network/play/server
S1FPacketSetExperience,net/minecraft/network/play/server
S20PacketEntityProperties,net/minecraft/network/play/server
S21PacketChunkData,net/minecraft/network/play/server
S22PacketMultiBlockChange,net/minecraft/network/play/server
S23PacketBlockChange,net/minecraft/network/play/server
S24PacketBlockAction,net/minecraft/network/play/server
S25PacketBlockBreakAnim,net/minecraft/network/play/server
S26PacketMapChunkBulk,net/minecraft/network/play/server
S27PacketExplosion,net/minecraft/network/play/server
S28PacketEffect,net/minecraft/network/play/server
S29PacketSoundEffect,net/minecraft/network/play/server
S2APacketParticles,net/minecraft/network/play/server
S2BPacketChangeGameState,net/minecraft/network/play/server
S2CPacketSpawnGlobalEntity,net/minecraft/network/play/server
S2DPacketOpenWindow,net/minecraft/network/play/server
S2EPacketCloseWindow,net/minecraft/network/play/server
S2FPacketSetSlot,net/minecraft/network/play/server
S30PacketWindowItems,net/minecraft/network/play/server
S31PacketWindowProperty,net/minecraft/network/play/server
S32PacketConfirmTransaction,net/minecraft/network/play/server
S33PacketUpdateSign,net/minecraft/network/play/server
S34PacketMaps,net/minecraft/network/play/server
S35PacketUpdateTileEntity,net/minecraft/network/play/server
S36PacketSignEditorOpen,net/minecraft/network/play/server
S37PacketStatistics,net/minecraft/network/play/server
S38PacketPlayerListeItem,net/minecraft/network/play/server
S39PacketPlayerAbilities,net/minecraft/network/play/server
S3APacketTabComplete,net/minecraft/network/play/server
S3BPacketScoreboardObjective,net/minecraft/network/play/server
S3CPacketUpdateScore,net/minecraft/network/play/server
S3DPacketDisplayScoreboard,net/minecraft/network/play/server
S3EPacketTeams,net/minecraft/network/play/server
S3FPacketCustomPayload,net/minecraft/network/play/server
S40PacketDisconnect,net/minecraft/network/play/server
IServer,net/minecraft/network/rcon
RConConsoleSource,net/minecraft/network/rcon
RConOutputStream,net/minecraft/network/rcon
RConThreadBase,net/minecraft/network/rcon
RConThreadClient,net/minecraft/network/rcon
RConThreadMain,net/minecraft/network/rcon
RConThreadQuery,net/minecraft/network/rcon
RConThreadQuery$Auth,net/minecraft/network/rcon
RConUtils,net/minecraft/network/rcon
INetHandlerStatusClient,net/minecraft/network/status
INetHandlerStatusServer,net/minecraft/network/status
C00PacketServerQuery,net/minecraft/network/status/client
C01PacketPing,net/minecraft/network/status/client
S00PacketServerInfo,net/minecraft/network/status/server
S01PacketPong,net/minecraft/network/status/server
Path,net/minecraft/pathfinding
PathEntity,net/minecraft/pathfinding
PathFinder,net/minecraft/pathfinding
PathNavigate,net/minecraft/pathfinding
PathPoint,net/minecraft/pathfinding
Potion,net/minecraft/potion
PotionAbsoption,net/minecraft/potion
PotionAttackDamage,net/minecraft/potion
PotionEffect,net/minecraft/potion
PotionHealth,net/minecraft/potion
PotionHealthBoost,net/minecraft/potion
PotionHelper,net/minecraft/potion
IPlayerUsage,net/minecraft/profiler
PlayerUsageSnooper,net/minecraft/profiler
PlayerUsageSnooper$1,net/minecraft/profiler
Profiler,net/minecraft/profiler
Profiler$Result,net/minecraft/profiler
IScoreObjectiveCriteria,net/minecraft/scoreboard
Score,net/minecraft/scoreboard
Score$1,net/minecraft/scoreboard
Scoreboard,net/minecraft/scoreboard
ScoreboardSaveData,net/minecraft/scoreboard
ScoreDummyCriteria,net/minecraft/scoreboard
ScoreHealthCriteria,net/minecraft/scoreboard
ScoreObjective,net/minecraft/scoreboard
ScorePlayerTeam,net/minecraft/scoreboard
ServerScoreboard,net/minecraft/scoreboard
Team,net/minecraft/scoreboard
MinecraftServer,net/minecraft/server
MinecraftServer$1,net/minecraft/server
MinecraftServer$2,net/minecraft/server
MinecraftServer$3,net/minecraft/server
MinecraftServer$4,net/minecraft/server
MinecraftServer$5,net/minecraft/server
MinecraftServer$6,net/minecraft/server
DedicatedPlayerList,net/minecraft/server/dedicated
DedicatedServer,net/minecraft/server/dedicated
DedicatedServer$1,net/minecraft/server/dedicated
DedicatedServer$2,net/minecraft/server/dedicated
DedicatedServer$3,net/minecraft/server/dedicated
DedicatedServer$4,net/minecraft/server/dedicated
PropertyManager,net/minecraft/server/dedicated
IUpdatePlayerListBox,net/minecraft/server/gui
MinecraftServerGui,net/minecraft/server/gui
MinecraftServerGui$1,net/minecraft/server/gui
MinecraftServerGui$2,net/minecraft/server/gui
MinecraftServerGui$3,net/minecraft/server/gui
MinecraftServerGui$4,net/minecraft/server/gui
MinecraftServerGui$5,net/minecraft/server/gui
PlayerListComponent,net/minecraft/server/gui
StatsComponent,net/minecraft/server/gui
StatsComponent$1,net/minecraft/server/gui
IntegratedPlayerList,net/minecraft/server/integrated
IntegratedServer,net/minecraft/server/integrated
BanEntry,net/minecraft/server/management
BanList,net/minecraft/server/management
ItemInWorldManager,net/minecraft/server/management
LowerStringMap,net/minecraft/server/management
PlayerManager,net/minecraft/server/management
PlayerManager$PlayerInstance,net/minecraft/server/management
PlayerPositionComparator,net/minecraft/server/management
ServerConfigurationManager,net/minecraft/server/management
NetHandlerHandshakeTCP,net/minecraft/server/network
NetHandlerLoginServer,net/minecraft/server/network
NetHandlerStatusServer,net/minecraft/server/network
Achievement,net/minecraft/stats
AchievementList,net/minecraft/stats
IStatStringFormat,net/minecraft/stats
IStatType,net/minecraft/stats
StatBase,net/minecraft/stats
StatBase$1,net/minecraft/stats
StatBase$2,net/minecraft/stats
StatBase$3,net/minecraft/stats
StatBase$4,net/minecraft/stats
StatBasic,net/minecraft/stats
StatCrafting,net/minecraft/stats
StatFileWriter,net/minecraft/stats
StatisticsFile,net/minecraft/stats
StatList,net/minecraft/stats
CallableTileEntityData,net/minecraft/tileentity
CallableTileEntityID,net/minecraft/tileentity
CallableTileEntityName,net/minecraft/tileentity
IHopper,net/minecraft/tileentity
MobSpawnerBaseLogic,net/minecraft/tileentity
MobSpawnerBaseLogic$WeightedRandomMinecart,net/minecraft/tileentity
TileEntity,net/minecraft/tileentity
TileEntityBeacon,net/minecraft/tileentity
TileEntityBrewingStand,net/minecraft/tileentity
TileEntityChest,net/minecraft/tileentity
TileEntityCommandBlock,net/minecraft/tileentity
TileEntityComparator,net/minecraft/tileentity
TileEntityDaylightDetector,net/minecraft/tileentity
TileEntityDispenser,net/minecraft/tileentity
TileEntityDropper,net/minecraft/tileentity
TileEntityEnchantmentTable,net/minecraft/tileentity
TileEntityEnderChest,net/minecraft/tileentity
TileEntityEndPortal,net/minecraft/tileentity
TileEntityFlowerPot,net/minecraft/tileentity
TileEntityFurnace,net/minecraft/tileentity
TileEntityHopper,net/minecraft/tileentity
TileEntityMobSpawner,net/minecraft/tileentity
TileEntityMobSpawner$1,net/minecraft/tileentity
TileEntityNote,net/minecraft/tileentity
TileEntityPiston,net/minecraft/tileentity
TileEntitySign,net/minecraft/tileentity
TileEntitySkull,net/minecraft/tileentity
AABBPool,net/minecraft/util
AxisAlignedBB,net/minecraft/util
AxisAlignedBB$1,net/minecraft/util
ChatAllowedCharacters,net/minecraft/util
ChatComponentStyle,net/minecraft/util
ChatComponentText,net/minecraft/util
ChatComponentTranslation,net/minecraft/util
ChatComponentTranslationFormatException,net/minecraft/util
ChatStyle,net/minecraft/util
ChunkCoordinates,net/minecraft/util
CombatEntry,net/minecraft/util
CombatTracker,net/minecraft/util
CryptManager,net/minecraft/util
DamageSource,net/minecraft/util
Direction,net/minecraft/util
EnchantmentNameParts,net/minecraft/util
EntityDamageSource,net/minecraft/util
EntityDamageSourceIndirect,net/minecraft/util
EnumChatFormatting,net/minecraft/util
EnumFacing,net/minecraft/util
Facing,net/minecraft/util
FoodStats,net/minecraft/util
HttpUtil,net/minecraft/util
IChatComponent,net/minecraft/util
IIcon,net/minecraft/util
IJsonSerializable,net/minecraft/util
IProgressUpdate,net/minecraft/util
IntHashMap,net/minecraft/util
IntHashMap$Entry,net/minecraft/util
LongHashMap,net/minecraft/util
LongHashMap$Entry,net/minecraft/util
MathHelper,net/minecraft/util
MessageDeserializer,net/minecraft/util
MessageDeserializer2,net/minecraft/util
MessageSerializer,net/minecraft/util
MessageSerializer2,net/minecraft/util
MinecraftError,net/minecraft/util
MouseFilter,net/minecraft/util
MouseHelper,net/minecraft/util
MovementInput,net/minecraft/util
MovementInputFromOptions,net/minecraft/util
MovingObjectPosition,net/minecraft/util
MovingObjectPosition$MovingObjectType,net/minecraft/util
ObjectIntIdentifyMap,net/minecraft/util
RegistryDefaulted,net/minecraft/util
RegistryNamespaced,net/minecraft/util
RegistryNamespacedDefaultedByKey,net/minecraft/util
RegistrySimple,net/minecraft/util
ReportedException,net/minecraft/util
ResourceLocation,net/minecraft/util
ScreenShotHelper,net/minecraft/util
Session,net/minecraft/util
StatCollector,net/minecraft/util
StringTranslate,net/minecraft/util
StringUtils,net/minecraft/util
Timer,net/minecraft/util
Tuple,net/minecraft/util
TupleIntJsonSerializable,net/minecraft/util
Util,net/minecraft/util
ValueObject,net/minecraft/util
Vec3,net/minecraft/util
Vec3Pool,net/minecraft/util
WeightedRandom,net/minecraft/util
WeightedRandom$Item,net/minecraft/util
WeightedRandomChestContent,net/minecraft/util
WeightedRandomFishable,net/minecraft/util
MerchantRecipe,net/minecraft/village
MerchantRecipeList,net/minecraft/village
Village,net/minecraft/village
Village$VillageAgressor,net/minecraft/village
VillageCollection,net/minecraft/village
VillageDoorInfo,net/minecraft/village
VillageSiege,net/minecraft/village
ChunkCache,net/minecraft/world
ChunkCoordIntPair,net/minecraft/world
ChunkPosition,net/minecraft/world
ColorizerFoliage,net/minecraft/world
ColorizerGrass,net/minecraft/world
EnumDifficulty,net/minecraft/world
EnumSkyBlock,net/minecraft/world
Explosion,net/minecraft/world
GameRules,net/minecraft/world
GameRules$Value,net/minecraft/world
IBlockAccess,net/minecraft/world
IWorldAccess,net/minecraft/world
MinecraftException,net/minecraft/world
NextTickListEntry,net/minecraft/world
ServerBlockEventList,net/minecraft/world
SpawnerAnimals,net/minecraft/world
Teleporter,net/minecraft/world
Teleporter$PortalPosition,net/minecraft/world
World,net/minecraft/world
World$1,net/minecraft/world
World$2,net/minecraft/world
World$3,net/minecraft/world
World$4,net/minecraft/world
WorldManager,net/minecraft/world
WorldProvider,net/minecraft/world
WorldProviderEnd,net/minecraft/world
WorldProviderHell,net/minecraft/world
WorldProviderSurface,net/minecraft/world
WorldSavedData,net/minecraft/world
WorldServer,net/minecraft/world
WorldServer$ServerBlockEventList,net/minecraft/world
WorldServer$1,net/minecraft/world
WorldServerMulti,net/minecraft/world
WorldSettings,net/minecraft/world
WorldSettings$GameType,net/minecraft/world
WorldType,net/minecraft/world
BiomeCache,net/minecraft/world/biome
BiomeCache$Block,net/minecraft/world/biome
BiomeDecorator,net/minecraft/world/biome
BiomeEndDecorator,net/minecraft/world/biome
BiomeGenBase,net/minecraft/world/biome
BiomeGenBase$SpawnListEntry,net/minecraft/world/biome
BiomeGenBeach,net/minecraft/world/biome
BiomeGenDesert,net/minecraft/world/biome
BiomeGenEnd,net/minecraft/world/biome
BiomeGenForest,net/minecraft/world/biome
BiomeGenHell,net/minecraft/world/biome
BiomeGenHills,net/minecraft/world/biome
BiomeGenJungle,net/minecraft/world/biome
BiomeGenMesa,net/minecraft/world/biome
BiomeGenMushroomIsland,net/minecraft/world/biome
BiomeGenMutated,net/minecraft/world/biome
BiomeGenOcean,net/minecraft/world/biome
BiomeGenPlains,net/minecraft/world/biome
BiomeGenRiver,net/minecraft/world/biome
BiomeGenSavanna,net/minecraft/world/biome
BiomeGenSnow,net/minecraft/world/biome
BiomeGenStoneBeach,net/minecraft/world/biome
BiomeGenSwamp,net/minecraft/world/biome
BiomeGenTaiga,net/minecraft/world/biome
WorldChunkManager,net/minecraft/world/biome
WorldChunkManagerHell,net/minecraft/world/biome
Chunk,net/minecraft/world/chunk
EmptyChunk,net/minecraft/world/chunk
IChunkProvider,net/minecraft/world/chunk
NibbleArray,net/minecraft/world/chunk
AnvilChunkLoader,net/minecraft/world/chunk/storage
AnvilChunkLoader$PendingChunk,net/minecraft/world/chunk/storage
AnvilSaveConverter,net/minecraft/world/chunk/storage
AnvilSaveConverter$1,net/minecraft/world/chunk/storage
AnvilSaveHandler,net/minecraft/world/chunk/storage
ChunkLoader,net/minecraft/world/chunk/storage
ChunkLoader$AnvilConverterData,net/minecraft/world/chunk/storage
ExtendedBlockStorage,net/minecraft/world/chunk/storage
IChunkLoader,net/minecraft/world/chunk/storage
NibbleArrayReader,net/minecraft/world/chunk/storage
RegionFile,net/minecraft/world/chunk/storage
RegionFile$ChunkBuffer,net/minecraft/world/chunk/storage
RegionFileCache,net/minecraft/world/chunk/storage
DemoWorldManager,net/minecraft/world/demo
DemoWorldServer,net/minecraft/world/demo
ChunkProviderEnd,net/minecraft/world/gen
ChunkProviderFlat,net/minecraft/world/gen
ChunkProviderGenerate,net/minecraft/world/gen
ChunkProviderHell,net/minecraft/world/gen
ChunkProviderServer,net/minecraft/world/gen
FlatGeneratorInfo,net/minecraft/world/gen
FlatLayerInfo,net/minecraft/world/gen
MapGenBase,net/minecraft/world/gen
MapGenCaves,net/minecraft/world/gen
MapGenCavesHell,net/minecraft/world/gen
MapGenRavine,net/minecraft/world/gen
NoiseGenerator,net/minecraft/world/gen
NoiseGeneratorImproved,net/minecraft/world/gen
NoiseGeneratorOctaves,net/minecraft/world/gen
NoiseGeneratorPerlin,net/minecraft/world/gen
NoiseGeneratorSimplex,net/minecraft/world/gen
WorldGenAbstractTree,net/minecraft/world/gen/feature
WorldGenBigMushroom,net/minecraft/world/gen/feature
WorldGenBigTree,net/minecraft/world/gen/feature
WorldGenBlockBlob,net/minecraft/world/gen/feature
WorldGenCactus,net/minecraft/world/gen/feature
WorldGenCanopyTree,net/minecraft/world/gen/feature
WorldGenClay,net/minecraft/world/gen/feature
WorldGenDeadBush,net/minecraft/world/gen/feature
WorldGenDesertWells,net/minecraft/world/gen/feature
WorldGenDoublePlant,net/minecraft/world/gen/feature
WorldGenDungeons,net/minecraft/world/gen/feature
WorldGenerator,net/minecraft/world/gen/feature
WorldGeneratorBonusChest,net/minecraft/world/gen/feature
WorldGenFire,net/minecraft/world/gen/feature
WorldGenFlowers,net/minecraft/world/gen/feature
WorldGenForest,net/minecraft/world/gen/feature
WorldGenGlowStone1,net/minecraft/world/gen/feature
WorldGenGlowStone2,net/minecraft/world/gen/feature
WorldGenHellLava,net/minecraft/world/gen/feature
WorldGenHugeTrees,net/minecraft/world/gen/feature
WorldGenIcePath,net/minecraft/world/gen/feature
WorldGenIceSpike,net/minecraft/world/gen/feature
WorldGenLakes,net/minecraft/world/gen/feature
WorldGenLiquids,net/minecraft/world/gen/feature
WorldGenMegaJungle,net/minecraft/world/gen/feature
WorldGenMegaPineTree,net/minecraft/world/gen/feature
WorldGenMelon,net/minecraft/world/gen/feature
WorldGenMinable,net/minecraft/world/gen/feature
WorldGenPumpkin,net/minecraft/world/gen/feature
WorldGenReed,net/minecraft/world/gen/feature
WorldGenSand,net/minecraft/world/gen/feature
WorldGenSavannaTree,net/minecraft/world/gen/feature
WorldGenShrub,net/minecraft/world/gen/feature
WorldGenSpikes,net/minecraft/world/gen/feature
WorldGenSwamp,net/minecraft/world/gen/feature
WorldGenTaiga1,net/minecraft/world/gen/feature
WorldGenTaiga2,net/minecraft/world/gen/feature
WorldGenTallGrass,net/minecraft/world/gen/feature
WorldGenTrees,net/minecraft/world/gen/feature
WorldGenVines,net/minecraft/world/gen/feature
WorldGenWaterlily,net/minecraft/world/gen/feature
GenLayer,net/minecraft/world/gen/layer
GenLayerAddIsland,net/minecraft/world/gen/layer
GenLayerAddMushroomIsland,net/minecraft/world/gen/layer
GenLayerAddSnow,net/minecraft/world/gen/layer
GenLayerBiome,net/minecraft/world/gen/layer
GenLayerBiomeEdge,net/minecraft/world/gen/layer
GenLayerDeepOcean,net/minecraft/world/gen/layer
GenLayerEdge,net/minecraft/world/gen/layer
GenLayerFuzzyZoom,net/minecraft/world/gen/layer
GenLayerHills,net/minecraft/world/gen/layer
GenLayerIsland,net/minecraft/world/gen/layer
GenLayerRareBiome,net/minecraft/world/gen/layer
GenLayerRemoveTooMuchOcean,net/minecraft/world/gen/layer
GenLayerRiver,net/minecraft/world/gen/layer
GenLayerRiverInit,net/minecraft/world/gen/layer
GenLayerRiverMix,net/minecraft/world/gen/layer
GenLayerShore,net/minecraft/world/gen/layer
GenLayerSmooth,net/minecraft/world/gen/layer
GenLayerVoronoiZoom,net/minecraft/world/gen/layer
GenLayerZoom,net/minecraft/world/gen/layer
IntCache,net/minecraft/world/gen/layer
ComponentScatteredFeaturePieces,net/minecraft/world/gen/structure
ComponentScatteredFeaturePieces$Feature,net/minecraft/world/gen/structure
ComponentScatteredFeaturePieces$DesertPyramid,net/minecraft/world/gen/structure
ComponentScatteredFeaturePieces$JunglePyramid,net/minecraft/world/gen/structure
ComponentScatteredFeaturePieces$SwampHut,net/minecraft/world/gen/structure
ComponentScatteredFeaturePieces$1,net/minecraft/world/gen/structure
MapGenMineshaft,net/minecraft/world/gen/structure
MapGenNetherBridge,net/minecraft/world/gen/structure
MapGenScatteredFeature,net/minecraft/world/gen/structure
MapGenStronghold,net/minecraft/world/gen/structure
MapGenStructure,net/minecraft/world/gen/structure
MapGenStructure$1,net/minecraft/world/gen/structure
MapGenStructure$2,net/minecraft/world/gen/structure
MapGenStructure$3,net/minecraft/world/gen/structure
MapGenStructureData,net/minecraft/world/gen/structure
MapGenStructureIO,net/minecraft/world/gen/structure
MapGenVillage,net/minecraft/world/gen/structure
StructureBoundingBox,net/minecraft/world/gen/structure
StructureComponent,net/minecraft/world/gen/structure
StructureMineshaftPieces,net/minecraft/world/gen/structure
StructureMineshaftPieces$Corridor,net/minecraft/world/gen/structure
StructureMineshaftPieces$Cross,net/minecraft/world/gen/structure
StructureMineshaftPieces$Room,net/minecraft/world/gen/structure
StructureMineshaftPieces$Stairs,net/minecraft/world/gen/structure
StructureMineshaftStart,net/minecraft/world/gen/structure
StructureNetherBridgePieces,net/minecraft/world/gen/structure
StructureNetherBridgePieces$Corridor,net/minecraft/world/gen/structure
StructureNetherBridgePieces$Corridor2,net/minecraft/world/gen/structure
StructureNetherBridgePieces$Corridor3,net/minecraft/world/gen/structure
StructureNetherBridgePieces$Corridor4,net/minecraft/world/gen/structure
StructureNetherBridgePieces$Corridor5,net/minecraft/world/gen/structure
StructureNetherBridgePieces$Crossing,net/minecraft/world/gen/structure
StructureNetherBridgePieces$Crossing2,net/minecraft/world/gen/structure
StructureNetherBridgePieces$Crossing3,net/minecraft/world/gen/structure
StructureNetherBridgePieces$End,net/minecraft/world/gen/structure
StructureNetherBridgePieces$Entrance,net/minecraft/world/gen/structure
StructureNetherBridgePieces$NetherStalkRoom,net/minecraft/world/gen/structure
StructureNetherBridgePieces$Piece,net/minecraft/world/gen/structure
StructureNetherBridgePieces$PieceWeight,net/minecraft/world/gen/structure
StructureNetherBridgePieces$Stairs,net/minecraft/world/gen/structure
StructureNetherBridgePieces$Start,net/minecraft/world/gen/structure
StructureNetherBridgePieces$Straight,net/minecraft/world/gen/structure
StructureNetherBridgePieces$Throne,net/minecraft/world/gen/structure
StructureStart,net/minecraft/world/gen/structure
StructureStrongholdPieces,net/minecraft/world/gen/structure
StructureStrongholdPieces$ChestCorridor,net/minecraft/world/gen/structure
StructureStrongholdPieces$Corridor,net/minecraft/world/gen/structure
StructureStrongholdPieces$Crossing,net/minecraft/world/gen/structure
StructureStrongholdPieces$LeftTurn,net/minecraft/world/gen/structure
StructureStrongholdPieces$Library,net/minecraft/world/gen/structure
StructureStrongholdPieces$Stronghold,net/minecraft/world/gen/structure
StructureStrongholdPieces$Stronghold$Door,net/minecraft/world/gen/structure
StructureStrongholdPieces$PieceWeight,net/minecraft/world/gen/structure
StructureStrongholdPieces$PortalRoom,net/minecraft/world/gen/structure
StructureStrongholdPieces$Prison,net/minecraft/world/gen/structure
StructureStrongholdPieces$RightTurn,net/minecraft/world/gen/structure
StructureStrongholdPieces$RoomCrossing,net/minecraft/world/gen/structure
StructureStrongholdPieces$Straight,net/minecraft/world/gen/structure
StructureStrongholdPieces$Stairs,net/minecraft/world/gen/structure
StructureStrongholdPieces$StairsStraight,net/minecraft/world/gen/structure
StructureStrongholdPieces$Stairs2,net/minecraft/world/gen/structure
StructureStrongholdPieces$Stones,net/minecraft/world/gen/structure
StructureStrongholdPieces$SwitchDoor,net/minecraft/world/gen/structure
StructureStrongholdPieces$1,net/minecraft/world/gen/structure
StructureVillagePieces,net/minecraft/world/gen/structure
StructureVillagePieces$Church,net/minecraft/world/gen/structure
StructureVillagePieces$Field1,net/minecraft/world/gen/structure
StructureVillagePieces$Field2,net/minecraft/world/gen/structure
StructureVillagePieces$Hall,net/minecraft/world/gen/structure
StructureVillagePieces$House1,net/minecraft/world/gen/structure
StructureVillagePieces$House2,net/minecraft/world/gen/structure
StructureVillagePieces$House3,net/minecraft/world/gen/structure
StructureVillagePieces$House4Garden,net/minecraft/world/gen/structure
StructureVillagePieces$Path,net/minecraft/world/gen/structure
StructureVillagePieces$PieceWeight,net/minecraft/world/gen/structure
StructureVillagePieces$Road,net/minecraft/world/gen/structure
StructureVillagePieces$Start,net/minecraft/world/gen/structure
StructureVillagePieces$Torch,net/minecraft/world/gen/structure
StructureVillagePieces$Village,net/minecraft/world/gen/structure
StructureVillagePieces$Well,net/minecraft/world/gen/structure
StructureVillagePieces$WoodHut,net/minecraft/world/gen/structure
DerivedWorldInfo,net/minecraft/world/storage
IPlayerFileData,net/minecraft/world/storage
ISaveFormat,net/minecraft/world/storage
ISaveHandler,net/minecraft/world/storage
IThreadedFileIO,net/minecraft/world/storage
MapData,net/minecraft/world/storage
MapData$MapCoord,net/minecraft/world/storage
MapData$MapInfo,net/minecraft/world/storage
MapStorage,net/minecraft/world/storage
SaveFormatComparator,net/minecraft/world/storage
SaveFormatOld,net/minecraft/world/storage
SaveHandler,net/minecraft/world/storage
SaveHandlerMP,net/minecraft/world/storage
ThreadedFileIOBase,net/minecraft/world/storage
WorldInfo,net/minecraft/world/storage
WorldInfo$1,net/minecraft/world/storage
WorldInfo$2,net/minecraft/world/storage
WorldInfo$3,net/minecraft/world/storage
WorldInfo$4,net/minecraft/world/storage
WorldInfo$5,net/minecraft/world/storage
WorldInfo$6,net/minecraft/world/storage
WorldInfo$7,net/minecraft/world/storage
WorldInfo$8,net/minecraft/world/storage
WorldInfo$9,net/minecraft/world/storage